{"cameraMode":{"drawMode":0,"name":"Shaded","section":"Shading Mode"},"sceneLighting":true,"audioPlay":false,"sceneViewState":{"m_AlwaysRefresh":true,"showFog":true,"showSkybox":true,"showFlares":true,"showImageEffects":true,"showParticleSystems":true,"showVisualEffectGraphs":true,"m_FxEnabled":true},"in2DMode":false,"pivot":{"x":-11.729681015014649,"y":5.749697685241699,"z":10.246355056762696},"rotation":{"x":-0.0802735835313797,"y":0.6611571907997131,"z":0.07147561013698578,"w":0.7425239682197571},"size":13.074167251586914,"orthographic":false}