{"cameraMode":{"drawMode":0,"name":"Shaded","section":"Shading Mode"},"sceneLighting":true,"audioPlay":false,"sceneViewState":{"m_AlwaysRefresh":false,"showFog":true,"showSkybox":true,"showFlares":true,"showImageEffects":true,"showParticleSystems":true,"showVisualEffectGraphs":true,"m_FxEnabled":true},"in2DMode":false,"pivot":{"x":-32.480247497558597,"y":1.2002443075180054,"z":10.423688888549805},"rotation":{"x":-0.3257472515106201,"y":-0.006526135839521885,"z":0.002248736098408699,"w":-0.9454331398010254},"size":7.245461940765381,"orthographic":false}