{"cameraMode":{"drawMode":0,"name":"Shaded","section":"Shading Mode"},"sceneLighting":true,"audioPlay":false,"sceneViewState":{"m_AlwaysRefresh":true,"showFog":true,"showSkybox":true,"showFlares":true,"showImageEffects":true,"showParticleSystems":true,"showVisualEffectGraphs":true,"m_FxEnabled":true},"in2DMode":false,"pivot":{"x":0.27995091676712038,"y":-0.40579795837402346,"z":10.490955352783204},"rotation":{"x":-0.17248429358005525,"y":-0.02601315826177597,"z":0.004560723435133696,"w":-0.9847427606582642},"size":11.442249298095704,"orthographic":false}