{"cameraMode":{"drawMode":0,"name":"Shaded","section":"Shading Mode"},"sceneLighting":true,"audioPlay":false,"sceneViewState":{"m_AlwaysRefresh":true,"showFog":true,"showSkybox":true,"showFlares":true,"showImageEffects":true,"showParticleSystems":true,"showVisualEffectGraphs":true,"m_FxEnabled":true},"in2DMode":false,"pivot":{"x":0.4541478157043457,"y":-0.7497940063476563,"z":2.2577872276306154},"rotation":{"x":-0.26991745829582217,"y":-0.6584575176239014,"z":0.27482539415359499,"w":-0.6466941237449646},"size":5.124871730804443,"orthographic":false}