{"cameraMode":{"drawMode":0,"name":"Shaded","section":"Shading Mode"},"sceneLighting":true,"audioPlay":false,"sceneViewState":{"m_AlwaysRefresh":false,"showFog":true,"showSkybox":true,"showFlares":true,"showImageEffects":true,"showParticleSystems":true,"showVisualEffectGraphs":true,"m_FxEnabled":true},"in2DMode":false,"pivot":{"x":-0.8958842158317566,"y":5.3008036613464359,"z":2.455141067504883},"rotation":{"x":-0.17243336141109467,"y":0.03455444425344467,"z":-0.006085952278226614,"w":-0.9844557642936707},"size":5.316829204559326,"orthographic":false}