{"cameraMode":{"drawMode":0,"name":"Shaded","section":"Shading Mode"},"sceneLighting":false,"audioPlay":false,"sceneViewState":{"m_AlwaysRefresh":false,"showFog":true,"showSkybox":false,"showFlares":true,"showImageEffects":true,"showParticleSystems":true,"showVisualEffectGraphs":true,"m_FxEnabled":true},"in2DMode":false,"pivot":{"x":0.00000762939453125,"y":28.256994247436525,"z":-0.000003814697265625},"rotation":{"x":-0.09655965864658356,"y":0.8976551294326782,"z":-0.35375043749809267,"w":-0.24589529633522035},"size":115.46261596679688,"orthographic":false}